date,area,packages,paid_hours,productive_hours,target_pph,quality_errors,downtime_minutes
2026-09-01,Unload,112323,144,135.0,900,90,30
2026-09-01,Load,102436,176,154.73,700,225,58
2026-09-01,Small Sort,78787,80,77.17,1100,63,17
2026-09-02,Unload,125834,144,140.1,900,101,13
2026-09-02,Load,104985,176,152.9,700,231,63
2026-09-02,Small Sort,79950,80,75.33,1100,64,28
2026-09-03,Unload,117025,144,141.0,900,94,10
2026-09-03,Load,109688,176,160.6,700,241,42
2026-09-03,Small Sort,84695,80,78.33,1100,68,10
2026-09-04,Unload,120293,144,134.4,900,96,32
2026-09-04,Load,105955,176,156.93,700,233,52
2026-09-04,Small Sort,82480,80,76.0,1100,66,24
2026-09-05,Unload,122915,144,133.5,900,98,35
2026-09-05,Load,109654,176,154.37,700,241,59
2026-09-05,Small Sort,79257,80,74.67,1100,63,32
2026-09-06,Unload,116035,144,138.6,900,93,18
2026-09-06,Load,107505,176,152.17,700,237,65
2026-09-06,Small Sort,78940,80,77.83,1100,63,13
2026-09-07,Unload,120626,144,140.1,900,97,13
2026-09-07,Load,110108,176,159.13,700,242,46
2026-09-07,Small Sort,74705,80,74.17,1100,60,35
2026-09-08,Unload,120622,144,136.8,900,96,24
2026-09-08,Load,102416,176,152.53,700,225,64
2026-09-08,Small Sort,78741,80,75.5,1100,63,27
2026-09-09,Unload,120335,144,135.0,900,96,30
2026-09-09,Load,102677,176,153.27,700,226,62
2026-09-09,Small Sort,85199,80,77.33,1100,68,16
2026-09-10,Unload,126119,144,140.7,900,101,11
2026-09-10,Load,102399,176,154.37,700,225,59
2026-09-10,Small Sort,87618,80,78.0,1100,70,12
2026-09-11,Unload,120973,144,140.1,900,97,13
2026-09-11,Load,109807,176,158.03,700,242,49
2026-09-11,Small Sort,78356,80,76.5,1100,63,21
2026-09-12,Unload,116152,144,137.7,900,93,21
2026-09-12,Load,112300,176,160.23,700,247,43
2026-09-12,Small Sort,81839,80,74.83,1100,65,31
2026-09-13,Unload,120862,144,135.3,900,97,29
2026-09-13,Load,110377,176,156.93,700,243,52
2026-09-13,Small Sort,82700,80,77.5,1100,66,15
2026-09-14,Unload,129560,144,138.6,900,104,18
2026-09-14,Load,109022,176,155.83,700,240,55
2026-09-14,Small Sort,84802,80,77.17,1100,68,17
2026-09-15,Unload,121730,144,133.8,900,97,34
2026-09-15,Load,114313,176,160.6,700,251,42
2026-09-15,Small Sort,77590,80,74.17,1100,62,35
2026-09-16,Unload,114587,144,138.6,900,92,18
2026-09-16,Load,110249,176,152.53,700,243,64
2026-09-16,Small Sort,78105,80,74.67,1100,62,32
2026-09-17,Unload,118450,144,135.0,900,95,30
2026-09-17,Load,110122,176,152.9,700,242,63
2026-09-17,Small Sort,77629,80,76.0,1100,62,24
2026-09-18,Unload,118530,144,139.8,900,95,14
2026-09-18,Load,107661,176,156.93,700,237,52
2026-09-18,Small Sort,80802,80,74.5,1100,65,33
2026-09-19,Unload,117393,144,135.6,900,94,28
2026-09-19,Load,116878,176,160.6,700,257,42
2026-09-19,Small Sort,83407,80,77.67,1100,67,14
2026-09-20,Unload,127403,144,140.4,900,102,12
2026-09-20,Load,99162,176,153.27,700,218,62
2026-09-20,Small Sort,76791,80,75.0,1100,61,30
2026-09-21,Unload,116972,144,134.7,900,94,31
2026-09-21,Load,109155,176,162.43,700,240,37
2026-09-21,Small Sort,85953,80,75.17,1100,69,29
2026-09-22,Unload,115554,144,136.2,900,92,26
2026-09-22,Load,112257,176,156.93,700,247,52
2026-09-22,Small Sort,86028,80,78.33,1100,69,10
2026-09-23,Unload,125916,144,140.1,900,101,13
2026-09-23,Load,110687,176,156.93,700,244,52
2026-09-23,Small Sort,81217,80,74.33,1100,65,34
2026-09-24,Unload,119553,144,140.1,900,96,13
2026-09-24,Load,109428,176,161.33,700,241,40
2026-09-24,Small Sort,83905,80,74.5,1100,67,33
2026-09-25,Unload,129274,144,138.6,900,103,18
2026-09-25,Load,100843,176,154.37,700,222,59
2026-09-25,Small Sort,87596,80,77.83,1100,70,13
2026-09-26,Unload,126887,144,138.3,900,102,19
2026-09-26,Load,108917,176,157.3,700,240,51
2026-09-26,Small Sort,81901,80,77.67,1100,66,14
2026-09-27,Unload,123054,144,139.5,900,98,15
2026-09-27,Load,111292,176,154.37,700,245,59
2026-09-27,Small Sort,85117,80,78.33,1100,68,10
2026-09-28,Unload,112105,144,136.5,900,90,25
2026-09-28,Load,102200,176,152.53,700,225,64
2026-09-28,Small Sort,77506,80,74.17,1100,62,35
